,img_names,gen_texts
0,word-14.jpg,the word solt is written in black and white on a white background
1,word-43.jpg,brach - black and white logo
2,instrument-82.jpg,a black and white photo of a guitar
3,word-66.jpg,the word sib is spelled out in silver letters on a black background
4,number-69.jpg,the number 619 is made up of many different shapes
5,number-113.jpg,the number 8204 is shown on a gray background
6,house-81.jpg,a black and white photo of a house 
7,instrument-49.jpg,a black and white photo of a guitar on a grey background
8,instrument-25.jpg,a banjo is shown in black and white
9,car-122.jpg,a silver suv car on a gray background
10,word-101.jpg,the word chich is written in black and white on a gray background
11,number-48.jpg,the number 1463 is written in black and white on a fabric background
12,corridor-34.jpg,a black and white photo of a hallway 
13,corridor-105.jpg,a black and white photo of a hallway
14,corridor-12.jpg,a black and white photo of a hallway
15,word-100.jpg,the word wash is written on a black and white background
16,instrument-2.jpg,a black and white guitar with a checkered pattern
17,instrument-37.jpg,an acoustic guitar on a grungy background
18,word-97.jpg,"the word ""spute"" written in black and white"
19,corridor-138.jpg,a black and white photo of a hallway with a light
20,word-47.jpg,the word piv is written in silver letters on a black background
21,car-98.jpg,a white car 
22,word-84.jpg,the word tib is written in black and white on a grungy background
23,car-91.jpg,a black and white image of a suv car
24,house-143.jpg,a black and white photo of a house 
25,house-54.jpg,a black and white photo of a house on a gray background
26,number-54.jpg,the number eighteen is shown on a gray background
27,word-11.jpg,the word twid is written in black and white on a black and white background
28,instrument-53.jpg,an electric guitar laying on a gray background
29,car-30.jpg,a small car on a gray background
30,instrument-122.jpg,a black and white photo of a guitar
31,car-102.jpg,a car is shown in a gray background
32,house-94.jpg,a black and white image of a house on a gray background
33,car-111.jpg,a car is shown in black and white
34,instrument-71.jpg,a black and white photo of a violin
35,car-94.jpg,a black and white image of a double decker bus
36,instrument-103.jpg,a black and white photo of an electric guitar
37,word-131.jpg,the word cusk is written in black and white on a grungy background
38,number-42.jpg,the number thirty is shown in black and white
39,corridor-77.jpg,a black and white photo of a hallway 
40,number-68.jpg,the number 39846 is shown on a black and white photo
41,corridor-29.jpg,a black and white photo of a hallway 
42,word-72.jpg,the word teef is written in black and white on a black and white background
43,corridor-106.jpg,a black and white photo of a hallway 
44,instrument-29.jpg,a black and white photo of a guitar on a gray background
45,corridor-100.jpg,a black and white photo of a hallway 
46,corridor-84.jpg,a black and white photo of a hallway 
47,corridor-67.jpg,a black and white photo of a hallway 
48,number-56.jpg,the number 8499 is shown on a black and white background
49,corridor-14.jpg,a black and white photo of a hallway 
50,corridor-2.jpg,a black and white photo of a hallway
51,corridor-95.jpg,a black and white photo of a hallway 
52,number-20.jpg,the number 8922 is shown in black and white
53,corridor-136.jpg,a black and white photo of a hallway
54,instrument-9.jpg,an old fashioned mandolin is shown in black and white
55,number-131.jpg,the number 5893 is shown in black and white
56,word-90.jpg,a black and white word of a bot
57,car-92.jpg,an old car on a gray background with a white background
58,instrument-75.jpg,a black and white photo of a guitar
59,number-84.jpg,the number 15759 is shown on a black and white background
60,number-35.jpg,the number 261 is shown in black and white
61,car-134.jpg,a black and white photo of a sports car
62,car-139.jpg,a white mercedes car on a gray background
63,corridor-85.jpg,a black and white photo of a hallway 
64,instrument-131.jpg,an acoustic guitar on a black and white background
65,corridor-128.jpg,a black and white photo of a hallway
66,car-141.jpg,a black and white drawing of a muscle car
67,car-120.jpg,jeep wrangler unlimited - men's t-shirt
68,word-35.jpg,the word frim is written in black and white
69,house-44.jpg,a small house in the middle of a field
70,number-17.jpg,the number 353 is shown in black and white
71,car-31.jpg,a white sports car on a gray background
72,corridor-139.jpg,a black and white photo of a bathroom 
73,house-113.jpg,an old house in black and white with a foggy background
74,instrument-85.jpg,a black and white photo of a guitar on a gray background
75,number-110.jpg,the number 18 is shown in black and white
76,car-138.jpg,a school bus is shown in a gray and white image
77,instrument-34.jpg,an acoustic guitar on a gray background
78,word-76.jpg,the word pler is written in silver letters on a black background
79,instrument-84.jpg,a black and white photo of a guitar
80,corridor-27.jpg,a black and white photo of a hallway 
81,number-90.jpg,the number 764 is shown in black and white
82,house-53.jpg,a black and white photo of a house 
83,instrument-46.jpg,a black and white image of a guitar
84,car-78.jpg,a white car
85,car-46.jpg,lamborghini urus concept car
86,house-1.jpg,a black and white photo of a house on a gray background
87,instrument-23.jpg,an acoustic guitar on a gray background
88,house-4.jpg,a black and white image of a house on a gray background
89,instrument-78.jpg,a guitar laying on the ground in a black and white photo
90,word-51.jpg,"the word ""troe"" is written in black and white"
91,car-83.jpg,a black and white image of a muscle car
92,corridor-116.jpg,a black and white photo of a hallway with a door
93,house-79.jpg,a black and white image of a house 
94,word-26.jpg,the word flonk is written in silver letters on a black background
95,house-120.jpg,a black and white image of a building
96,number-24.jpg,a black and white photo of the number 93214
97,word-126.jpg,the word loak is written in black and white on a gray background
98,car-100.jpg,a gray car is shown in a gray background
99,car-19.jpg,ferrari f12 car - black and white
100,word-141.jpg,word meef
101,word-10.jpg,the word niv is written in black and white on a gray background
102,word-32.jpg,the word gug is written in silver letters on a black background
103,corridor-55.jpg,a black and white photo of a hallway with a checkered floor
104,corridor-17.jpg,a black and white photo of a hallway 
105,corridor-44.jpg,a black and white photo of a hallway with a light in the middle
106,instrument-10.jpg,a banjo 
107,instrument-87.jpg,a black and white photo of a guitar
108,house-129.jpg,a black and white photo of a tall building
109,house-93.jpg,two pagodas in black and white on a gray background
110,car-131.jpg,1953 buick roadmaster convertible
111,instrument-19.jpg,a black and white photo of a guitar
112,word-88.jpg,the word liege written in different letters on a black and white background
113,instrument-55.jpg,a black and white photo of a pipe with a ball on it
114,number-141.jpg,the number 477 is shown in black and white
115,instrument-83.jpg,a mandolin is shown in black and white
116,car-117.jpg,an old fashioned car in black and white
117,corridor-79.jpg,a black and white photo of a hallway 
118,number-102.jpg,the number 28934 is shown in a black and white photo
119,corridor-97.jpg,a black and white photo of a hallway 
120,word-129.jpg,the word grev is written in black and white
121,word-41.jpg,a black and white photo of word ciett
122,instrument-72.jpg,a black and white photo of a banjo
123,instrument-61.jpg,a mandolin is shown in black and white
124,instrument-135.jpg,a black and white photo of a guitar
125,car-49.jpg,a black and white photo of a suv car
126,number-43.jpg,the number 4065 is shown in black and white
127,corridor-142.jpg,a black and white photo of a hallway 
128,corridor-61.jpg,a black and white photo of a hallway 
129,word-53.jpg,the word shatch is written on a black and white background
130,corridor-60.jpg,a black and white photo of a hallway
131,word-125.jpg,the word stap written in black and white on a cloth background
132,number-101.jpg,a black and white photo of the number 1882
133,house-84.jpg,a black and white photo of a small house
134,word-30.jpg,the word gar is written in black and white on a black and white background
135,house-83.jpg,a black and white photo of a house
136,house-38.jpg,a black and white photo of a building with a door
137,house-42.jpg,an old abandoned house in black and white
138,car-106.jpg,side view of a white car
139,car-58.jpg,a black and white image of a black and white car
140,house-10.jpg,a black and white photo of a building 
141,word-137.jpg,the word lish is written in black and white
142,corridor-43.jpg,a black and white photo of a hallway 
143,word-23.jpg,word mern
144,house-141.jpg,a black and white photo of a building with a dome
145,car-20.jpg,a black and white image of a sports car
146,number-137.jpg,the number 4597 is shown in black and white
147,corridor-63.jpg,a black and white photo of a hallway 
148,car-5.jpg,jeep wrangler - black and white
149,corridor-87.jpg,a black and white photo of a hallway
150,car-11.jpg,a small car is shown in front of a gray background
151,house-115.jpg,a black and white image of a house with a garage
152,corridor-83.jpg,a black and white photo of a hallway 
153,instrument-14.jpg,a black and white photo of a mandolin
154,house-98.jpg,a black and white photo of a building
155,house-124.jpg,a black and white photo of a house on a gray background
156,car-1.jpg,a white bmw car on a gray background
157,number-71.jpg,the number 917 is shown on a black and white photo
158,corridor-101.jpg,a black and white photo of a hallway 
159,word-9.jpg,"the word ""sot"" is made of metal letters"
160,number-132.jpg,a black and white photo of number 844
161,number-133.jpg,a black and white photo of number 96086
162,word-31.jpg,the word peale is written in black and white
163,instrument-123.jpg,an acoustic guitar is sitting on a gray background
164,number-7.jpg,the number twelve is shown on a black and white background
165,car-13.jpg,a black limousine 
166,word-57.jpg,a black and white photo of the word nos
167,word-45.jpg,yiff logo 
168,corridor-54.jpg,a black and white photo of a hallway 
169,instrument-134.jpg,a black and white photo of an electric guitar
170,word-139.jpg,the word morm is written in black and white on a gray background
171,car-133.jpg,a silver convertible car on a gray background
172,house-110.jpg,a house 
173,house-123.jpg,black and white photograph of a tall building
174,word-82.jpg,the word sish written in black and white on a grungy background
175,word-46.jpg,a black and white photo of the word tood
176,car-135.jpg,a white car on a gray background
177,house-105.jpg,a black and white image of a house 
178,instrument-8.jpg,a black and white photo of a violin
179,corridor-113.jpg,a black and white photo of a hallway
180,house-39.jpg,a house 
181,word-113.jpg,the word wat written in metal letters on a black background
182,car-40.jpg,car
183,word-78.jpg,the word jarb is written in black and white on a black and white background
184,corridor-70.jpg,a black and white photo of a hallway 
185,house-55.jpg,a black and white photo of a house
186,car-18.jpg,a black and white photo of a sports car
187,number-124.jpg,the number 17 is shown in black and white on a gray background
188,instrument-118.jpg,a black and white photo of an electric guitar
189,number-104.jpg,the number 485 is shown in white on a black background
190,house-22.jpg,a black and white photo of two buildings
191,instrument-140.jpg,an acoustic guitar is shown in black and white
192,car-109.jpg,1948 dodge pickup truck in grey
193,number-27.jpg,the number 34 is shown in black and white
194,corridor-20.jpg,a black and white photo of a hallway 
195,instrument-93.jpg,a black and white photo of a guitar
196,instrument-62.jpg,a black and white photo of a cello
197,car-93.jpg,a vintage van on a gray background
198,number-129.jpg,a black and white photo of a number 758
199,number-130.jpg,the number 33790 is shown in a black and white photo
200,number-142.jpg,a black and white photo of the number 52592
201,car-3.jpg,a gray car with a black background
202,car-43.jpg,a black limousine on a gray background
203,instrument-109.jpg,a black and white photo of an electric guitar
204,word-133.jpg,the word nesk is written in black and white on a black and white background
205,house-65.jpg,a black and white photo of a house 
206,car-55.jpg,a black and white image of a truck 
207,house-33.jpg,a black and white photo of a building 
208,car-48.jpg,a black and white image of a limousine
209,number-144.jpg,the number 690 is written in black and white on a gray background
210,word-142.jpg,the word blek is written in black and white
211,corridor-23.jpg,a black and white photo of a hallway 
212,number-38.jpg,the number 7502 is written on a black and white background
213,number-107.jpg,the number 2344 is shown on a black and white background
214,house-114.jpg,a black and white photo of a house 
215,word-102.jpg,the word veet written in metal letters on a black background
216,instrument-99.jpg,a mandolin is shown in black and white
217,instrument-92.jpg,a guitar is shown on a black and white background
218,number-28.jpg,the number 875 is shown in black and white
219,number-1.jpg,a black and white photo of a number 234
220,car-144.jpg,a small car is shown on a gray background
221,instrument-137.jpg,a black and white photo of a violin
222,car-132.jpg,white car
223,house-142.jpg,the building is in black and white
224,number-98.jpg,a black and white photo of a number 543
225,house-95.jpg,a black and white photo of a house with a window
226,number-83.jpg,the number 9324 is shown on a black and white background
227,corridor-112.jpg,a black and white photo of a hallway 
228,corridor-1.jpg,a black and white photo of a hallway 
229,corridor-3.jpg,a black and white photo of a hallway 
230,car-67.jpg,a black and white photo of a truck 
231,corridor-119.jpg,a black and white photo of a hallway 
232,car-104.jpg,a black and white image of a cadillac suv
233,corridor-59.jpg,a black and white photo of a hallway 
234,instrument-27.jpg,a black and white photo of a violin
235,instrument-81.jpg,a black and white photo of a mandolin
236,house-122.jpg,a small cabin is shown in black and white
237,corridor-122.jpg,a black and white photo of a hallway
238,house-87.jpg,a black and white photo of an old house
239,corridor-73.jpg,a black and white photo of a hallway 
240,32-car-47-2.jpg,white car
241,corridor-22.jpg,a black and white photo of a hallway
242,word-124.jpg,the word chuch written in black and white on a black and white background
243,car-6.jpg,a white car on a gray background
244,instrument-143.jpg,a black and white photo of a banjo
245,word-96.jpg,the word chim is written in silver letters on a black background
246,instrument-114.jpg,a black and white photo of a guitar
247,word-118.jpg,the word dun is written in black and white
248,car-23.jpg,a black and white photo of a bmw car
249,corridor-82.jpg,a black and white photo of a hallway 
250,car-72.jpg,a black car 
251,car-85.jpg,a white car on a gray background
252,number-44.jpg,the word 8073 is written in black and white on a gray background
253,number-139.jpg,a black and white photo of a number on a wall
254,instrument-63.jpg,a banjo is shown in black and white
255,car-128.jpg,a black lincoln town car 
256,house-51.jpg,a black and white photo of a large white house
257,number-97.jpg,the number 7838 is shown in black and white
258,word-56.jpg,a black and white photo of a wall with the word joungk
259,car-126.jpg,a white car is shown on a gray background
260,number-94.jpg,the number 4586 is shown in black and white
261,number-15.jpg,the number 11 is shown on a black and white background
262,word-5.jpg,the word yoil is written in a black and white photo
263,number-115.jpg,the number 61 is shown in black and white
264,corridor-31.jpg,a black and white photo of a hallway 
265,corridor-143.jpg,a black and white photo of a hallway 
266,number-41.jpg,the number 898 is written in black and white on a gray background
267,car-123.jpg,mercedes benz c class car on a gray background
268,number-14.jpg,the number 76043 is shown on a black and white background
269,house-138.jpg,a black and white photo of a house
270,car-114.jpg,a small car is shown in black and white
271,corridor-56.jpg,a black and white photo of a hallway 
272,house-112.jpg,a black and white photo of a house
273,number-127.jpg,the number 197 is shown in black and white
274,house-48.jpg,a black and white photo of a small house
275,car-8.jpg,a silver minivan is shown in front of a gray background
276,word-105.jpg,the word jime is written in black and white on a gray background
277,corridor-118.jpg,a black and white photo of a hallway 
278,word-79.jpg,the word breb is written in black and white
279,word-127.jpg,the word yite is written in black and white on a cloth
280,word-87.jpg,the word grole is written on a black and white background
281,instrument-26.jpg,an acoustic guitar is shown in black and white
282,word-144.jpg,pamp - the word pamp is written in black and white
283,house-91.jpg,a black and white photo of a house with a garage
284,corridor-102.jpg,a black and white photo of a hallway
285,corridor-39.jpg,a black and white photo of a tunnel 
286,number-143.jpg,the number fifteen is shown in black and white
287,word-48.jpg,the word vilt written in black and white on a gray background
288,word-80.jpg,the word dosh is written in black and white
289,house-74.jpg,a black and white image of a house
290,number-21.jpg,a black and white photo of the number 628
291,house-45.jpg,a black and white photo of a large building
292,corridor-28.jpg,a black and white photo of a hallway
293,word-52.jpg,the word smart is written in black and white on a gray background
294,instrument-6.jpg,a black and white photo of an electric guitar
295,corridor-144.jpg,a black and white photo of a hallway
296,number-12.jpg,the number 118 is shown in black and white
297,number-109.jpg,the number 2612 is written in black and white on a white background
298,instrument-57.jpg,a black and white photo of a mandolin
299,house-106.jpg,a black and white photo of a small house
300,number-72.jpg,the number 675 is shown on a black and white background
301,word-107.jpg,the word skurk is written in black and white on a grungy background
302,instrument-69.jpg,a black and white photo of an electric guitar
303,number-65.jpg,the number 8834 is shown on a black and white background
304,number-4.jpg,a black and white photo of a number 369039
305,house-9.jpg,a black and white photo of a house
306,number-70.jpg,a black and white photo of the word 2017 on a gray background
307,word-44.jpg,the word twin is written in black and white on a gray background
308,car-73.jpg,a black and white photo of a volkswagen bus
309,word-91.jpg,the word grof is written in black and white on a gray background
310,number-49.jpg,the letter 43 is shown on a black and white background
311,instrument-120.jpg,a black and white photo of a guitar
312,corridor-36.jpg,a black and white photo of a hallway 
313,number-8.jpg,the number 55636 is shown in black and white
314,number-50.jpg,the number 353 is shown on a black and white background
315,house-43.jpg,a black and white illustration of a house on a gray background
316,instrument-51.jpg,a black and white photo of a mandolin
317,car-15.jpg,a white truck is shown in a gray background
318,word-134.jpg,the word harn is written in black and white on a wooden surface
319,instrument-104.jpg,a guitar is sitting on a gray background
320,instrument-67.jpg,violin in black and white with a heart on the back
321,number-120.jpg,the number 91 is shown on a black and white background
322,house-18.jpg,a black and white photo of a house
323,word-39.jpg,the word blet is written in black and white on a black and white background
324,number-9.jpg,the number 252 is shown in black and white
325,word-119.jpg,the word 'louch' written in black and white on a grey background
326,car-130.jpg,a white suv on a gray background
327,corridor-123.jpg,a black and white photo of a hallway
328,instrument-40.jpg,a black and white photo of a instrument
329,car-60.jpg,a white porsche sports car on a gray background
330,number-77.jpg,the number 5485 is shown on a gray background
331,house-3.jpg,a black and white photo of a large building
332,instrument-97.jpg,a black and white photo of an electric guitar
333,corridor-8.jpg,a black and white photo of a hallway 
334,corridor-134.jpg,a black and white photo of a hallway 
335,word-8.jpg,the word nount is written in silver letters on a black background
336,instrument-48.jpg,a black and white photo of a violin
337,instrument-96.jpg,an acoustic guitar on a gray background
338,corridor-109.jpg,a black and white photo of a hallway 
339,car-87.jpg,a gray mustang car on a gray background
340,corridor-129.jpg,a black and white photo of a hallway
341,instrument-101.jpg,a black and white photo of a guitar
342,word-92.jpg,the word sham written in black and white
343,instrument-18.jpg,a black and white photo of a guitar
344,car-97.jpg,jeep wrangler jk black and white
345,corridor-37.jpg,a black and white photo of a hallway 
346,car-37.jpg, 3d model of a camaro
347,instrument-33.jpg,a black and white photo of a violin
348,corridor-7.jpg,a black and white photo of a hallway 
349,corridor-89.jpg,a black and white photo of a hallway 
350,car-140.jpg,a silver chevrolet suburban truck is shown in this image
351,house-101.jpg,a black and white photo of a house 
352,number-81.jpg,the number 9293 is shown on a black and white background
353,corridor-117.jpg,a black and white photo of a hallway
354,word-106.jpg,a black and white photo of word ciaf
355,corridor-53.jpg,a black and white photo of a hallway with a light bulb
356,number-37.jpg,the number 60467 is shown in black and white
357,number-126.jpg,a black and white photo of a number 3768
358,instrument-35.jpg,a black and white photo of an electric guitar
359,house-109.jpg,a drawing of a house on a gray background
360,corridor-78.jpg,a black and white photo of a hallway 
361,house-78.jpg,a black and white image of a house
362,word-13.jpg,the word tob is spelled out in black and white
363,car-4.jpg,a black and white drawing of a muscle car
364,house-86.jpg,a black and white photo of a birdhouse
365,word-21.jpg,true words on a black and white background
366,car-118.jpg,a black and white image of a car in the air
367,instrument-91.jpg,a black and white photo of a mandolin
368,number-30.jpg,a black and white photo of a number on a gray background
369,instrument-94.jpg,a black and white photo of a violin
370,instrument-102.jpg,a black and white photo of an acoustic guitar
371,number-10.jpg,a black and white photo of a number with a number on it
372,car-81.jpg,a white car is shown on a gray background
373,car-32.jpg,a black and white photo of a semi truck
374,instrument-54.jpg,a black and white photo of a mandolin
375,number-5.jpg,the number twenty is shown in black and white
376,house-20.jpg,a black and white photo of a house 
377,house-16.jpg,a black and white drawing of a house on a gray background
378,number-106.jpg,the number 42 is shown in black and white
379,number-57.jpg,the number 6391 
380,number-52.jpg,the number 454 is shown on a black and white background
381,instrument-68.jpg,a black and white photo of a mandolin
382,instrument-24.jpg,an acoustic guitar on a black background
383,instrument-144.jpg,a black and white photo of a violin
384,number-112.jpg,the number 5842 is shown in black and white
385,house-8.jpg,a black and white image of a house on a gray background
386,car-65.jpg,car
387,word-65.jpg,the word leet written in metal letters on a black and white background
388,instrument-56.jpg,a banjo is shown in black and white
389,car-9.jpg,a black suv on a gray background
390,car-38.jpg,a black and white photo of a hot rod car
391,house-6.jpg,a black and white image of a house 
392,instrument-12.jpg,a black and white photo of a guitar
393,instrument-77.jpg,a black and white photo of an acoustic guitar
394,number-136.jpg,the number 9108
395,instrument-16.jpg,a black and white photo of an electric guitar
396,instrument-39.jpg,a black and white photo of a banjo
397,car-88.jpg,a silver car is shown on a gray background
398,word-111.jpg,the word dunch is written in black and white on a black and white background
399,corridor-35.jpg,a black and white photo of a hallway 
400,number-34.jpg,the number 615 is shown on a black and white background
401,house-92.jpg,a black and white photo of a house
402,instrument-47.jpg,an acoustic guitar on a black background
403,car-26.jpg,a small car is shown in a gray background
404,corridor-121.jpg,a black and white photo of a hallway 
405,corridor-125.jpg,a black and white photo of a hallway with a circular light
406,car-56.jpg,a white car on a gray background
407,car-129.jpg,a gray car is shown in a 3d rendering
408,instrument-126.jpg,a banjo is shown in black and white
409,house-126.jpg,a black and white photo of a house
410,word-27.jpg,the word liege written in silver letters on a black background
411,number-99.jpg,the number 8293 is shown in black and white
412,house-30.jpg,a black and white photo of a large house
413,instrument-7.jpg,a black and white photo of an electric guitar
414,corridor-32.jpg,a black and white photo of a hallway
415,number-93.jpg,the number '803' is written in black and white on a gray background
416,word-123.jpg,the word bup is written in black and white on a piece of paper
417,word-120.jpg,the word scuth is written in black and white on a black and white background
418,house-23.jpg,a black and white photo of a house with a large window
419,house-96.jpg,a black and white photo of a house
420,instrument-64.jpg,an electric guitar is shown in black and white
421,word-15.jpg,the word chisk is written in black and white on a gray background
422,corridor-80.jpg,a black and white photo of a hallway
423,car-22.jpg,a black and white photo of a classic car
424,instrument-60.jpg,a black and white photo of an electric guitar
425,house-7.jpg,a black and white photo of a small building
426,word-12.jpg,the word nop is spelled out in black and white
427,word-122.jpg,the word jaf is made of metal letters
428,number-39.jpg,the number 9777 is written in black and white on a gray background
429,word-20.jpg,the word rop is spelled out in metal letters
430,word-34.jpg,"spibe, the word is spelled out in silver letters on a black background"
431,house-73.jpg,a black and white image of a house
432,house-35.jpg,a black and white photo of a building
433,corridor-92.jpg,a black and white photo of a hallway 
434,car-57.jpg,a car is shown in a gray background
435,house-132.jpg,a black and white image of a building
436,corridor-120.jpg,a black and white photo of a hallway 
437,corridor-30.jpg,a black and white photo of a hallway 
438,number-122.jpg,the number 17 is shown in black and white
439,corridor-10.jpg,a black and white photo of a hallway
440,word-112.jpg,the word peane is written in black and white
441,car-137.jpg,a small car is shown in a gray background
442,house-75.jpg,a black and white photo of a building
443,word-6.jpg,the word mish is written in black and white
444,instrument-50.jpg,an acoustic guitar on a gray background
445,instrument-73.jpg,a black and white photo of a violin
446,car-99.jpg,honda cr-v 2011 3d model
447,car-121.jpg,a black sports car on a gray background
448,number-29.jpg,the number 44305 is shown on a black and white background
449,house-119.jpg,a black and white photo of a house 
450,corridor-16.jpg,a black and white photo of a hallway 
451,instrument-22.jpg,an acoustic guitar is shown in black and white
452,house-88.jpg,a black and white image of a house 
453,number-3.jpg,the word 1992 is written in black and white on a grey background
454,car-7.jpg,ford mustang gt 2013
455,car-69.jpg,a black and white photo of a sports car
456,number-75.jpg,the number 33 is shown on a gray background
457,car-52.jpg,an old fashioned car on a gray background
458,number-121.jpg,the number 710 is shown in black and white
459,instrument-80.jpg,a black and white photo of a violin
460,word-18.jpg,the word gark is spelled out in metal letters on a black and white background
461,number-40.jpg,the number 3996 
462,corridor-50.jpg,a black and white photo of a hallway 
463,number-59.jpg,the number 8599 is shown on a black and white background
464,word-3.jpg,the word gos is written in black and white on a gray background
465,word-60.jpg,the word fronk is written in black and white on a gray background
466,instrument-121.jpg,an acoustic guitar is shown in black and white
467,word-98.jpg,the word vive is written on a black and white background
468,number-79.jpg,a black and white photo of a number 
469,house-118.jpg,a black and white photo of a modern house
470,corridor-110.jpg,a black and white photo of a hallway with a circular mirror
471,house-11.jpg,a black and white drawing of a house
472,instrument-115.jpg,an acoustic guitar is shown in black and white
473,corridor-94.jpg,a black and white photo of a hallway 
474,word-132.jpg,the word kalt is written in black and white on a gray background
475,car-66.jpg,a black and white photo of a truck with big tires
476,corridor-91.jpg,a black and white photo of a hallway 
477,house-62.jpg,a black and white photo of a building
478,corridor-115.jpg,a black and white photo of a hallway
479,number-125.jpg,the number 31 
480,house-50.jpg,a black and white photo of a house 
481,house-17.jpg,a black and white image of a small wooden house
482,house-103.jpg,a black and white photo of a house
483,word-17.jpg,the word grow is written in black and white on a gray background
484,corridor-72.jpg,a black and white photo of a hallway with a circular mirror
485,corridor-104.jpg,a black and white photo of a hallway with a circular mirror
486,word-69.jpg,grille
487,corridor-108.jpg,a black and white photo of a hallway with a circular window
488,instrument-66.jpg,an acoustic guitar laying on the ground in black and white
489,house-15.jpg,a black and white photo of a large house
490,word-59.jpg,the word spung is written in a black and white photo
491,instrument-130.jpg,a black and white photo of a mandolin
492,word-28.jpg,the word ven is written in black and white on a fabric
493,corridor-127.jpg,a black and white photo of a hallway 
494,word-128.jpg,the word tath is written in black and white on a gray background
495,car-89.jpg,a silver car on a gray background
496,number-22.jpg,the number 837 is shown in black and white
497,house-5.jpg,a black and white image of a building with a door
498,instrument-108.jpg,a black and white photo of a cello
499,house-89.jpg,a black and white photo of a house with a window
500,corridor-124.jpg,a black and white photo of a hallway 
501,house-134.jpg,a black and white image of a house on a gray background
502,car-84.jpg,a 3d rendering of a car on a gray background
503,corridor-4.jpg,a black and white photo of a hallway 
504,house-29.jpg,an old house in black and white 
505,house-37.jpg,a black and white photo of a house on a street
506,word-114.jpg,the word jemp written in metal letters on a black background
507,number-66.jpg,the number 71 is shown in black and white
508,instrument-28.jpg,a black and white photo of a guitar on a gray background
509,house-135.jpg,a black and white photo of a house 
510,number-36.jpg,the number ten is shown in black and white
511,instrument-65.jpg,a black and white photo of a guitar
512,corridor-64.jpg,a black and white photo of a hallway 
513,word-71.jpg,the word nurt is written in black and white 
514,corridor-45.jpg,a black and white photo of a hallway 
515,car-101.jpg,a black and white image of a sports car
516,number-119.jpg,the number 8568 is shown in a black and white photo
517,car-70.jpg,a toyota rav4 is shown in a gray background
518,instrument-15.jpg,a black and white photo of a cello
519,corridor-90.jpg,a black and white photo of a hallway 
520,house-80.jpg,a black and white drawing of a victorian house
521,instrument-20.jpg,an acoustic guitar on a gray background
522,corridor-114.jpg,a black and white photo of a hallway 
523,car-75.jpg,a car
524,instrument-90.jpg,a black and white photo of a violin
525,car-45.jpg,a black and white image of a sports car
526,car-17.jpg,black car
527,number-76.jpg,the number 34148 is shown on a black and white background
528,corridor-11.jpg,a black and white photo of a hallway 
529,car-90.jpg,a black and white photo of a classic car
530,word-140.jpg,the word sart is written in black and white on a black and white background
531,house-133.jpg,a black and white photo of a house 
532,car-110.jpg,a black and white photo of a car on a gray background
533,house-41.jpg,a black and white photo of a building
534,house-60.jpg,a black and white photo of a house
535,car-95.jpg,a car is shown in a gray background
536,word-115.jpg,word brare on a black and white background
537,house-19.jpg,a black and white photo of a large white house
538,house-72.jpg,a black and white photo of a building
539,car-79.jpg,a black and white image of a truck
540,instrument-13.jpg,a mandolin is shown in black and white
541,car-59.jpg,a black and white photo of a classic car
542,house-61.jpg,a black and white photo of a building with a window
543,house-107.jpg,a black and white photo of a house
544,word-49.jpg,the word naunt is written in black and white on a gray background
545,house-31.jpg,a black and white photo of an old stone house
546,corridor-140.jpg,a black and white photo of a room with a window
547,corridor-62.jpg,a black and white photo of a hallway
548,house-121.jpg,a black and white photo of a building
549,corridor-47.jpg,a black and white photo of a hallway 
550,corridor-98.jpg,a black and white photo of a hallway
551,house-127.jpg,a black and white photo of a building with a balcony
552,car-76.jpg,an image of a suv on a gray background
553,car-41.jpg,a gray chevrolet camaro on a gray background
554,number-61.jpg,the number 87049 is written in white on a black background
555,number-60.jpg,the number 5934 is shown in black and white
556,word-68.jpg,a black and white photo of the word trape
557,car-96.jpg,a silver chevrolet camaro car on a gray background
558,car-16.jpg,a small electric car on a gray background
559,number-19.jpg,the number 9594 is shown in black and white
560,word-19.jpg,the word woap is written in black and white
561,corridor-38.jpg,a black and white photo of a hallway
562,number-134.jpg,a black and white photo of a number on a wall
563,word-93.jpg,the word pim is written in black and white
564,house-59.jpg,a black and white photo of a building
565,house-36.jpg,a black and white image of a house on a gray background
566,house-49.jpg,a black and white photo of a house
567,instrument-43.jpg,an acoustic guitar is sitting on a black and white background
568,house-25.jpg,a black and white photo of a small house
569,instrument-127.jpg,a black and white photo of a mandolin
570,number-80.jpg,the number 278 is shown on a black and white photo
571,house-97.jpg,a black and white photo of a building with columns
572,instrument-105.jpg,a black and white photo of a guitar
573,instrument-70.jpg,an electric guitar is shown in black and white
574,house-47.jpg,a black and white photo of a building with arched windows
575,house-27.jpg,a black and white photo of a log cabin 
576,instrument-58.jpg,a black and white photo of a mandolin
577,word-99.jpg,the word veem is written on a black and white background
578,word-22.jpg,the word nurk is written in black and white on a white background
579,number-128.jpg,the number 3251 is shown in black and white
580,car-71.jpg,a car is shown on a gray background
581,house-77.jpg,a black and white photo of a building with a clock tower
582,instrument-110.jpg,a black and white photo of a violin
583,corridor-46.jpg,a black and white photo of a hallway
584,number-62.jpg,the number 2973 is shown on a black and white background
585,word-29.jpg,the word whomp is written in black and white on a grungy background
586,instrument-86.jpg,a black and white photo of a violin
587,house-125.jpg,a black and white photo of a building 
588,word-1.jpg,the word swep is spelled out in black and white
589,corridor-66.jpg,a black and white photo of a bathroom
590,car-136.jpg,a white car is shown in a gray background
591,word-61.jpg,the word peale is written in silver letters on a black background
592,corridor-58.jpg,a black and white photo of a hallway
593,word-143.jpg,the word duf is written in black and white on a grungy background
594,instrument-111.jpg,a banjo is shown in black and white
595,instrument-142.jpg,an aerial view of a banjo on a field
596,number-33.jpg,the number 9294 is written on a black and white background
597,corridor-68.jpg,a black and white photo of a hallway
598,corridor-81.jpg,a black and white photo of a hallway 
599,house-12.jpg,a black and white photo of a house
600,number-32.jpg,the number 94 is shown on a black and white background
601,number-91.jpg,the number 517 is shown in black and white
602,number-78.jpg,a black and white photo of the number 41147
603,instrument-79.jpg,a black and white photo of a guitar
604,house-108.jpg,a black and white photo of a large building
605,house-99.jpg,a small house with a roof
606,word-110.jpg,the word groun on a black and white background
607,corridor-65.jpg,a black and white photo of a hallway
608,instrument-112.jpg,an acoustic guitar laying on a gray background
609,car-24.jpg,a black and white image of a sports car
610,instrument-21.jpg,a black and white photo of a violin
611,corridor-25.jpg,a black and white photo of a hallway
612,word-42.jpg,the word leem is written in black and white
613,corridor-18.jpg,a black and white photo of a hallway
614,word-7.jpg,the word pelve is written in black and white
615,house-144.jpg,a black and white photo of a house
616,word-89.jpg,the word shap is written in a black and white photo
617,number-46.jpg,the number 5238 is shown on a black and white background
618,corridor-86.jpg,a black and white photo of a hallway
619,word-83.jpg,the word lan is written in black and white on a black and white background
620,house-63.jpg,a black and white photo of a house
621,car-2.jpg,a black and white photo of a car 
622,corridor-48.jpg,a black and white photo of a hallway
623,house-56.jpg,black and white photograph of a victorian house
624,instrument-113.jpg,a violin
625,house-100.jpg,a black and white photo of a house with a window
626,car-107.jpg,a white sports car on a gray background
627,word-54.jpg,the word gul is written on a black and white photo
628,number-74.jpg,the number 82 is shown on a black and white background
629,instrument-125.jpg,a black and white photo of a violin
630,number-13.jpg,the number 683 is shown in black and white
631,house-140.jpg,a black and white photo of a chinese building
632,corridor-24.jpg,a black and white photo of a window in a house
633,house-40.jpg,a black and white photo of a house
634,house-76.jpg,a black and white photo of a building with a clock on it
635,word-24.jpg,the word cosk is written in black and white
636,car-25.jpg,a white sports car on a gray background
637,car-61.jpg,hummer h3 - grey car
638,car-105.jpg,an old car is shown in black and white
639,house-139.jpg,the vegas hotel and casino is shown in black and white
640,word-116.jpg,the word molt is spelled out in black and white
641,word-75.jpg,the word dush is written in silver on a black background
642,number-47.jpg,a black and white photo of a number on a white background
643,house-2.jpg,a black and white photo of a tower with a ladder
644,number-87.jpg,the number 3595 is shown in black and white
645,car-29.jpg,a gray sports car on a gray background
646,word-135.jpg,the word taf is written in black and white on a gray background
647,word-62.jpg,the word tuss is written in black and white on a gray background
648,number-140.jpg,the number 4933 is shown on a black and white background
649,car-10.jpg,a black and white photo of a muscle car
650,word-138.jpg,the word snarp is written in black and white on a white background
651,instrument-36.jpg,a black and white photo of a guitar
652,car-143.jpg,a black and white photo of a classic car
653,house-13.jpg,a black and white rendering of a house
654,car-108.jpg,a small car is shown on a gray background
655,house-90.jpg,a black and white photo of a small cabin
656,corridor-137.jpg,a black and white photo of a hallway
657,house-34.jpg,a black and white photo of a stone house
658,house-85.jpg,a black and white photo of a house
659,corridor-130.jpg,a black and white photo of a hallway
660,corridor-13.jpg,a black and white photo of a hallway
661,instrument-139.jpg,a black and white photo of an electric guitar
662,word-108.jpg,the word rolf is spelled out in metal letters
663,car-119.jpg,jeep car
664,word-86.jpg,the word sab is written in black and white on a gray background
665,corridor-126.jpg,a black and white photo of a hallway
666,instrument-116.jpg,a black and white photo of a guitar on a gray background
667,number-31.jpg,the number 464 is shown in black and white
668,corridor-33.jpg,a black and white photo of a hallway
669,house-67.jpg,a black and white photo of a castle
670,word-117.jpg,the word chesk is written in silver letters on a black background
671,corridor-42.jpg,a black and white photo of a hallway
672,word-40.jpg,the word kolt is written in black and white on a gray background
673,number-138.jpg,the number 975 is shown in black and white
674,instrument-11.jpg,a black and white photo of a violin
675,number-89.jpg,the number 398 is shown on a gray background
676,instrument-98.jpg,a black and white photo of a guitar
677,number-45.jpg,the number 4383 is shown on a black and white background
678,corridor-9.jpg,a black and white photo of a hallway
679,instrument-74.jpg,a black and white photo of a violin
680,number-117.jpg,a black and white photo of a number with a number on it
681,corridor-132.jpg,a black and white photo of a hallway
682,instrument-41.jpg,violin in black and white stock photo
683,house-46.jpg,a black and white photo of a barn
684,car-142.jpg,a black and white photo of a car on a gray background
685,corridor-5.jpg,a black and white photo of a hallway 
686,corridor-69.jpg,a black and white photo of a hallway
687,corridor-26.jpg,a black and white photo of a hallway 
688,corridor-93.jpg,a black and white photo of a hallway 
689,corridor-76.jpg,a black and white photo of a hallway 
690,instrument-76.jpg,a black guitar on a gray background
691,car-125.jpg,a car is shown in black and white
692,number-58.jpg,the number 8763 is shown in black and white
693,number-26.jpg,a black and white photo of the number 894
694,word-58.jpg,the word crack written in black and white on a black and white background
695,house-116.jpg,a black and white photo of a house
696,instrument-89.jpg,a black and white photo of a mandolin
697,car-36.jpg,mclaren car
698,number-25.jpg,the number 6167 is shown on a black and white background
699,corridor-88.jpg,a black and white photo of a hallway 
700,word-104.jpg,the word dut is spelled out in black and white
701,word-4.jpg,the word gart is written in black and white on a gray background
702,number-105.jpg,the number thirteen is shown on a black and white photo
703,instrument-141.jpg,a black and white photo of a mandolin
704,corridor-107.jpg,a black and white photo of a hallway
705,instrument-4.jpg,a banjo is shown in black and white
706,instrument-30.jpg,black and white guitar
707,number-6.jpg,the number 494 is shown in a black and white photo
708,house-68.jpg,a black and white photo of a house in the middle of a field
709,corridor-52.jpg,a black and white photo of a hallway
710,corridor-96.jpg,a black and white photo of a hallway
711,instrument-52.jpg,an acoustic guitar on a gray background
712,car-33.jpg,a white mercedes benz car on a gray background
713,car-77.jpg,an old black and white photo of a truck
714,instrument-132.jpg,a black and white photo of a violin
715,word-70.jpg,the word garl is written in black and white
716,number-103.jpg,the number 62 is shown on a black and white background
717,instrument-129.jpg,a black and white photo of a banjo
718,car-124.jpg,car
719,word-73.jpg,the word tarn 
720,house-66.jpg,a black and white photo of a house
721,word-94.jpg,the word yoff is written in black and white
722,car-115.jpg,a black and white photo of a suv car
723,instrument-59.jpg,a black and white photo of a violin
724,car-54.jpg,a silver sports car on a gray background
725,number-88.jpg,the number 892 is shown on a black and white background
726,instrument-44.jpg,a black and white photo of a violin
727,instrument-124.jpg,a black and white photo of a guitar
728,number-135.jpg,a black and white number 14 on a gray background
729,instrument-45.jpg,a black and white photo of a violin
730,corridor-41.jpg,a black and white photo of a hallway
731,instrument-17.jpg,a black and white photo of a violin
732,word-74.jpg,the word jomp is written in black and white on a gray background
733,number-82.jpg,the number 42075 is shown in black and white
734,number-63.jpg,the number 83586 is shown on a black and white background
735,number-2.jpg,the number 4964 is displayed on a black and white background
736,number-100.jpg,a black and white photo of a number 596
737,corridor-131.jpg,a black and white photo of a hallway
738,word-121.jpg,the word whamp is written in black and white on a black and white background
739,number-92.jpg,the number 9694
740,corridor-111.jpg,a black and white photo of a hallway
741,instrument-100.jpg,a black and white photo of a musical instrument
742,number-108.jpg,the number 4572 is shown in black and white
743,car-116.jpg,a white van is shown in a gray background
744,instrument-133.jpg,an acoustic guitar on a gray background
745,number-23.jpg,the number 7320 is shown on a black and white background
746,car-112.jpg,black car
747,car-21.jpg,an audi sports car on a gray background
748,word-50.jpg,the word naunt is written in black and white on a gray background
749,word-103.jpg,the word piege is written in black and white on a black and white background
750,house-128.jpg,a black and white photo of a building with a clock on it
751,house-58.jpg,a black and white image of a house
752,instrument-3.jpg,an acoustic guitar is sitting on a gray background
753,car-51.jpg,a gray and white chevrolet camaro car
754,house-24.jpg,a black and white image of a futuristic house
755,car-50.jpg,a black and white photo of a school bus
756,house-26.jpg,a black and white photo of a small house
757,number-86.jpg,a black and white photo of a number
758,corridor-99.jpg,a black and white photo of a hallway
759,word-64.jpg,the word sharb is written in metal letters on a black background
760,corridor-103.jpg,a black and white photo of a hallway
761,instrument-138.jpg,a black and white photo of a guitar
762,car-62.jpg,a black and white image of a sports car
763,word-77.jpg,the word kark is written in black and white on a gray background
764,instrument-106.jpg,an acoustic guitar in black and white
765,word-85.jpg,the word dinc is written in black and white on a cloudy background
766,house-131.jpg,a black and white photo of a house on a gray background
767,house-104.jpg,a black and white photo of a house with a balcony
768,car-34.jpg,1947 buick roadmaster car
769,number-114.jpg,number 14450 - black and white
770,house-14.jpg,a black and white drawing of a house
771,word-33.jpg,the word shrog is written in black and white on a black and white background
772,word-67.jpg,the word grong is written in black and white on a gray background
773,car-47.jpg,a black car 
774,car-27.jpg,a small car is shown on a gray background
775,corridor-57.jpg,a black and white photo of a hallway
776,number-96.jpg,the number 4418 is shown on a gray background
777,instrument-95.jpg,a black and white photo of a violin
778,instrument-31.jpg,a black and white photo of a banjo
779,instrument-38.jpg,an overhead view of a guitar on a white surface
780,number-85.jpg,the word 9978 is written in black and white on a gray background
781,word-136.jpg,the word fark is written in black and white on a gray background
782,car-127.jpg,a black and white photo of a car
783,car-103.jpg,lamborghini dino - silver car
784,word-25.jpg,the word stoff is written in black and white on a gray background
785,word-38.jpg,the word foush is written in silver letters on a black background
786,instrument-119.jpg,a banjo is shown in black and white
787,car-80.jpg,an old fashioned car is shown in black and white
788,house-102.jpg,a black and white photo of a house
789,instrument-107.jpg,a black and white photo of an electric guitar
790,house-57.jpg,a black and white photo of a house
791,house-136.jpg,a black and white photo of a house
792,house-137.jpg,a black and white photo of a house
793,word-81.jpg,word loat
794,instrument-42.jpg,a black and white photo of an electric guitar
795,instrument-117.jpg,a banjo is shown in black and white
796,number-116.jpg,the number 68352 is shown on a black and white background
797,word-36.jpg,the word srot is written in black and white on a gray background
798,number-123.jpg,the number 3235 is shown on a black and white photo
799,instrument-5.jpg,an acoustic guitar on a gray background
800,corridor-6.jpg,a black and white photo of a hallway
801,corridor-40.jpg,a black and white photo of a hallway with lockers
802,word-95.jpg,the word chif is written in black and white on a gray background
803,number-18.jpg,the number sixteen
804,house-82.jpg,a black and white photo of a house 
805,number-64.jpg,the number 5865 is shown on a gray background
806,number-67.jpg,the number 46 is shown in black and white
807,instrument-136.jpg,a black and white photo of a banjo
808,corridor-74.jpg,a black and white photo of a hallway with a door in the middle
809,car-44.jpg,a gray truck
810,word-16.jpg,drot
811,car-63.jpg,a small smart car is shown in a gray background
812,number-111.jpg,the number 232 is shown on a black and white photo
813,car-113.jpg,a black and white photo of a muscle car
814,word-130.jpg,the word tolf 
815,house-32.jpg,a black and white photo of a house
816,house-52.jpg,a black and white photo of a house 
817,number-118.jpg,the number 187 is shown on a black and white background
818,car-39.jpg,a car is shown in a gray background
819,word-37.jpg,the word slett is written in black and white on a gray background
820,car-86.jpg,mercedes benz car
821,car-12.jpg,a black and white image of a jeep truck
822,house-130.jpg,an old wooden house on a gray background
823,number-16.jpg,the number 6929 is shown on a black and white background
824,number-73.jpg,a black and white photo of a number 148
825,house-69.jpg,a black and white image of a building on a gray background
826,word-2.jpg,the word lath written in black and white on a black and white background
827,car-42.jpg,1930 ford model car
828,house-21.jpg,a black and white image of a house
829,corridor-49.jpg,a black and white photo of a hallway
830,instrument-88.jpg,a black and white photo of a guitar
831,corridor-133.jpg,a black and white photo of a hallway
832,corridor-141.jpg,a black and white photo of a hallway
833,instrument-32.jpg,an acoustic guitar is sitting on a black and white background
834,number-53.jpg,"the word ""19207"" is written in black and white on a gray background"
835,number-55.jpg,the number 8499 is shown on a gray background
836,corridor-51.jpg,a black and white photo of a hallway
837,car-35.jpg,mercedes benz car on a gray background
838,car-68.jpg,a black and white photo of a car on a gray background
839,car-14.jpg,a gray and white sports car on a gray background
840,word-63.jpg,word medge
841,car-28.jpg,1930s vintage car on a gray background
842,word-109.jpg,sluth- the word is spelled out in black and white
843,house-70.jpg,a black and white photo of a building with a window
844,corridor-19.jpg,a black and white photo of a hallway
845,corridor-75.jpg,a black and white photo of a hallway 
846,number-11.jpg,the number 59936 is written on a black and white background
847,instrument-128.jpg,a side view of instrument
848,corridor-71.jpg,a black and white photo of a hallway
849,car-53.jpg,a small white car on a gray background
850,house-71.jpg,a small house
851,car-74.jpg,a black and white image of a suv car 
852,car-82.jpg,a black and white image of a semi truck
853,house-28.jpg,black and white photograph of a victorian house
854,car-64.jpg,a gray car on a gray background
855,corridor-15.jpg,a black and white photo of a hallway
856,corridor-21.jpg,a black and white photo of a hallway 
857,number-95.jpg,the number 152 is shown on a black and white photo
858,instrument-1.jpg,an acoustic guitar is shown in black and white
859,house-64.jpg,a black and white photo of a house
860,house-111.jpg,a black and white photo of a house
861,number-51.jpg,the number 19 is shown on a black and white background
862,house-117.jpg,a black and white photo of a house
863,corridor-135.jpg,a black and white photo of a hallway 
864,word-55.jpg,the word heen is written in black and white on a gray background
